{
    "https://www.splashtop.co.jp": 0,
    "https://www.splashtop.co.jp/achievements": 1,
    "https://www.splashtop.co.jp/achievements/all": 2,
    "https://www.splashtop.co.jp/achievements/betsukawa.html": 2,
    "https://www.splashtop.co.jp/achievements/construction": 2,
    "https://www.splashtop.co.jp/achievements/dandelion.html": 2,
    "https://www.splashtop.co.jp/achievements/finance": 2,
    "https://www.splashtop.co.jp/achievements/food": 2,
    "https://www.splashtop.co.jp/achievements/fujisoft.html": 2,
    "https://www.splashtop.co.jp/achievements/gaming": 2,
    "https://www.splashtop.co.jp/achievements/government": 2,
    "https://www.splashtop.co.jp/achievements/government/hamamatsucity": 2,
    "https://www.splashtop.co.jp/achievements/government/hamamatsucity2": 2,
    "https://www.splashtop.co.jp/achievements/government/st-joseph%ca%bcs-school-for-the-deaf": 2,
    "https://www.splashtop.co.jp/achievements/gree.html": 2,
    "https://www.splashtop.co.jp/achievements/humanresources": 2,
    "https://www.splashtop.co.jp/achievements/humanresources/251212": 2,
    "https://www.splashtop.co.jp/achievements/image.html": 2,
    "https://www.splashtop.co.jp/achievements/imaging": 2,
    "https://www.splashtop.co.jp/achievements/imaging/boxel-studiosplashtop-enteprise": 2,
    "https://www.splashtop.co.jp/achievements/information": 2,
    "https://www.splashtop.co.jp/achievements/information/usideu": 2,
    "https://www.splashtop.co.jp/achievements/khara.html": 2,
    "https://www.splashtop.co.jp/achievements/koiwai.html": 2,
    "https://www.splashtop.co.jp/achievements/manufacturing": 2,
    "https://www.splashtop.co.jp/achievements/manufacturing/osakasealingprinting2": 2,
    "https://www.splashtop.co.jp/achievements/medical_welfare": 2,
    "https://www.splashtop.co.jp/achievements/medical_welfare/himawari_ishikawa": 2,
    "https://www.splashtop.co.jp/achievements/meidai.html": 2,
    "https://www.splashtop.co.jp/achievements/nankai.html": 2,
    "https://www.splashtop.co.jp/achievements/nissay.html": 2,
    "https://www.splashtop.co.jp/achievements/noiz.html": 2,
    "https://www.splashtop.co.jp/achievements/osaka-sealing-printing.html": 2,
    "https://www.splashtop.co.jp/achievements/platinumgames-1.html": 2,
    "https://www.splashtop.co.jp/achievements/railway": 2,
    "https://www.splashtop.co.jp/achievements/saison.html": 2,
    "https://www.splashtop.co.jp/achievements/sanzigen-first.html": 2,
    "https://www.splashtop.co.jp/achievements/shipbuilding": 2,
    "https://www.splashtop.co.jp/achievements/shirogumi.html": 2,
    "https://www.splashtop.co.jp/achievements/sogofuto.html": 2,
    "https://www.splashtop.co.jp/achievements/sumitomodensetsu.html": 2,
    "https://www.splashtop.co.jp/achievements/tgaia.html": 2,
    "https://www.splashtop.co.jp/achievements/todai.html": 2,
    "https://www.splashtop.co.jp/contact": 1,
    "https://www.splashtop.co.jp/customer-support": 1,
    "https://www.splashtop.co.jp/dl": 1,
    "https://www.splashtop.co.jp/download": 1,
    "https://www.splashtop.co.jp/iot/article/article01.html": 2,
    "https://www.splashtop.co.jp/knowhow": 1,
    "https://www.splashtop.co.jp/kokosugo": 1,
    "https://www.splashtop.co.jp/news": 1,
    "https://www.splashtop.co.jp/partner-invitation": 1,
    "https://www.splashtop.co.jp/partner": 1,
    "https://www.splashtop.co.jp/privacy": 1,
    "https://www.splashtop.co.jp/products-service": 1,
    "https://www.splashtop.co.jp/products-service/business.html": 1,
    "https://www.splashtop.co.jp/products-service/enterprise.html": 1,
    "https://www.splashtop.co.jp/products-service/foxpass": 1,
    "https://www.splashtop.co.jp/products-service/on-prem.html": 1,
    "https://www.splashtop.co.jp/products-service/sos.html": 1,
    "https://www.splashtop.co.jp/quotation": 1,
    "https://www.splashtop.co.jp/achievements/construction/hamamatsucity2": 1,
    "https://www.splashtop.co.jp/compare/teamviewer-alternative": 1,
    "https://www.splashtop.co.jp/corporate": 2,
    "tel://0120-066-645": 2,
    "https://www.splashtop.co.jp/feature/allied-telesis.html": 1,
    "https://www.splashtop.co.jp/feature/chromebook.html": 1,
    "https://www.splashtop.co.jp/blog": 2,
    "https://www.splashtop.co.jp/faq": 2,
    "https://www.splashtop.co.jp/feature/eizo.html": 1,
    "https://www.splashtop.co.jp/eizo-monitor-campaign": 2,
    "https://www.splashtop.co.jp/feature/wacom.html": 1,
    "https://www.splashtop.co.jp/products-service/enterprise_cloud.html": 2,
    "https://www.splashtop.co.jp/knowhow/01": 2,
    "https://www.splashtop.co.jp/knowhow/02": 2,
    "https://www.splashtop.co.jp/knowhow/03": 2,
    "https://www.splashtop.co.jp/knowhow/04": 2,
    "https://www.splashtop.co.jp/knowhow/05": 2,
    "https://www.splashtop.co.jp/knowhow/06": 2,
    "https://www.splashtop.co.jp/knowhow/07": 2,
    "https://www.splashtop.co.jp/knowhow/08": 2,
    "https://www.splashtop.co.jp/knowhow/09": 2,
    "https://www.splashtop.co.jp/knowhow/10": 2,
    "https://www.splashtop.co.jp/knowhow/11": 2,
    "https://www.splashtop.co.jp/knowhow/12": 2,
    "https://www.splashtop.co.jp/knowhow/13": 2,
    "https://www.splashtop.co.jp/knowhow/14": 2,
    "https://www.splashtop.co.jp/knowhow/15": 2,
    "https://www.splashtop.co.jp/knowhow/16": 2,
    "https://www.splashtop.co.jp/knowhow/17": 2,
    "https://www.splashtop.co.jp/knowhow/18": 2,
    "https://www.splashtop.co.jp/knowhow/19": 2,
    "https://www.splashtop.co.jp/knowhow/20": 2,
    "https://www.splashtop.co.jp/knowhow/21": 2,
    "https://www.splashtop.co.jp/knowhow/22": 2,
    "https://www.splashtop.co.jp/knowhow/23": 2,
    "https://www.splashtop.co.jp/knowhow/24": 2,
    "https://www.splashtop.co.jp/knowhow/25": 2,
    "https://www.splashtop.co.jp/knowhow/26": 2,
    "https://www.splashtop.co.jp/knowhow/27": 2,
    "https://www.splashtop.co.jp/knowhow/28": 2,
    "https://www.splashtop.co.jp/knowhow/29": 2,
    "https://www.splashtop.co.jp/knowhow/30": 2,
    "https://www.splashtop.co.jp/knowhow/31": 2,
    "https://www.splashtop.co.jp/knowhow/32": 2,
    "https://www.splashtop.co.jp/knowhow/33": 2,
    "https://www.splashtop.co.jp/knowhow/34": 2,
    "https://www.splashtop.co.jp/knowhow/35": 2,
    "https://www.splashtop.co.jp/knowhow/36": 2,
    "https://www.splashtop.co.jp/knowhow/37": 2,
    "https://www.splashtop.co.jp/knowhow/38": 2,
    "https://www.splashtop.co.jp/knowhow/39": 2,
    "https://www.splashtop.co.jp/knowhow/40": 2,
    "https://www.splashtop.co.jp/knowhow/41": 2,
    "https://www.splashtop.co.jp/knowhow/42": 2,
    "https://www.splashtop.co.jp/knowhow/43": 2,
    "https://www.splashtop.co.jp/knowhow/44": 2,
    "https://www.splashtop.co.jp/knowhow/45": 2,
    "https://www.splashtop.co.jp/knowhow/46": 2,
    "https://www.splashtop.co.jp/knowhow/47": 2,
    "https://www.splashtop.co.jp/knowhow/48": 2,
    "https://www.splashtop.co.jp/knowhow/49": 2,
    "https://www.splashtop.co.jp/knowhow/50": 2,
    "https://www.splashtop.co.jp/knowhow/51": 2,
    "https://www.splashtop.co.jp/knowhow/52": 2,
    "https://www.splashtop.co.jp/knowhow/53": 2,
    "https://www.splashtop.co.jp/knowhow/54": 2,
    "https://www.splashtop.co.jp/knowhow/55": 2,
    "https://www.splashtop.co.jp/knowhow/56": 2,
    "https://www.splashtop.co.jp/knowhow/57": 2,
    "https://www.splashtop.co.jp/knowhow/58": 2,
    "https://www.splashtop.co.jp/knowhow/59": 2,
    "https://www.splashtop.co.jp/knowhow/60": 2,
    "https://www.splashtop.co.jp/knowhow/61": 2,
    "https://www.splashtop.co.jp/knowhow/62": 2,
    "https://www.splashtop.co.jp/knowhow/63": 2,
    "https://www.splashtop.co.jp/knowhow/64_a": 2,
    "https://www.splashtop.co.jp/knowhow/65": 2,
    "https://www.splashtop.co.jp/knowhow/66": 2,
    "https://www.splashtop.co.jp/knowhow/67": 2,
    "https://www.splashtop.co.jp/knowhow/68": 2,
    "https://www.splashtop.co.jp/knowhow/69": 2,
    "https://www.splashtop.co.jp/knowhow/70": 2,
    "https://www.splashtop.co.jp/knowhow/71": 2,
    "https://www.splashtop.co.jp/knowhow/72": 2,
    "https://www.splashtop.co.jp/knowhow/73": 2,
    "https://www.splashtop.co.jp/knowhow/74": 2,
    "https://www.splashtop.co.jp/knowhow/75": 2,
    "https://www.splashtop.co.jp/knowhow/76": 2,
    "https://www.splashtop.co.jp/knowhow/77": 2,
    "https://www.splashtop.co.jp/knowhow/78": 2,
    "https://www.splashtop.co.jp/knowhow/79": 2,
    "https://www.splashtop.co.jp/knowhow/80": 2,
    "https://www.splashtop.co.jp/knowhow/article-01": 2,
    "https://www.splashtop.co.jp/knowhow/article-03": 2,
    "https://www.splashtop.co.jp/knowhow/article-04": 2,
    "https://www.splashtop.co.jp/knowhow/article-06": 2,
    "https://www.splashtop.co.jp/knowhow/article-11": 2,
    "https://www.splashtop.co.jp/knowhow/article-12": 2,
    "https://www.splashtop.co.jp/knowhow/article-17": 2,
    "https://www.splashtop.co.jp/knowhow/article-18": 2,
    "https://www.splashtop.co.jp/knowhow/article-19": 2,
    "https://www.splashtop.co.jp/knowhow/article-20": 2,
    "https://www.splashtop.co.jp/knowhow/article-21": 2,
    "https://www.splashtop.co.jp/knowhow/article-23": 2,
    "https://www.splashtop.co.jp/knowhow/article-24": 2,
    "https://www.splashtop.co.jp/knowhow/article-25": 2,
    "https://www.splashtop.co.jp/knowhow/article-27": 2,
    "https://www.splashtop.co.jp/knowhow/article-28": 2,
    "https://www.splashtop.co.jp/knowhow/article-29": 2,
    "https://www.splashtop.co.jp/knowhow/article-30": 2,
    "https://www.splashtop.co.jp/knowhow/article-31": 2,
    "https://www.splashtop.co.jp/knowhow/article-32": 2,
    "https://www.splashtop.co.jp/knowhow/article-33": 2,
    "https://www.splashtop.co.jp/knowhow/article-34": 2,
    "https://www.splashtop.co.jp/knowhow/article-35": 2,
    "https://www.splashtop.co.jp/knowhow/article-37": 2,
    "https://www.splashtop.co.jp/knowhow/tag/%e9%81%a0%e9%9a%94%e3%82%b5%e3%83%9d%e3%83%bc%e3%83%88": 2,
    "https://www.splashtop.co.jp/knowhow/tag/dx": 2,
    "https://www.splashtop.co.jp/knowhow/tag/introduction": 2,
    "https://www.splashtop.co.jp/knowhow/tag/remote-desktop": 2,
    "https://www.splashtop.co.jp/knowhow/tag/security": 2,
    "https://www.splashtop.co.jp/knowhow/tag/technical-term": 2,
    "https://www.splashtop.co.jp/knowhow/tag/vdi": 2,
    "https://www.splashtop.co.jp/knowhow/tag/vpn": 2,
    "https://www.splashtop.co.jp/kokosugo/contents01": 2,
    "https://www.splashtop.co.jp/kokosugo/contents02": 2,
    "https://www.splashtop.co.jp/kokosugo/contents03": 2,
    "https://www.splashtop.co.jp/kokosugo/contents04": 2,
    "https://www.splashtop.co.jp/kokosugo/contents05": 2,
    "https://www.splashtop.co.jp/news/article": 2,
    "https://www.splashtop.co.jp/news/information": 1,
    "https://www.splashtop.co.jp/news/information/0620": 2,
    "https://www.splashtop.co.jp/news/information/0718": 2,
    "https://www.splashtop.co.jp/news/information/20250606": 2,
    "https://www.splashtop.co.jp/news/information/250805": 2,
    "https://www.splashtop.co.jp/news/information/250930": 2,
    "https://www.splashtop.co.jp/news/information/251006": 2,
    "https://www.splashtop.co.jp/news/information/251106": 2,
    "https://www.splashtop.co.jp/news/information/251212": 1,
    "https://www.splashtop.co.jp/news/information/251218": 1,
    "https://www.splashtop.co.jp/news/information/251223": 1,
    "https://www.splashtop.co.jp/news/information/usideu": 2,
    "https://www.splashtop.co.jp/news/maintenance": 2,
    "https://www.splashtop.co.jp/news/maintenance/0623": 2,
    "https://www.splashtop.co.jp/news/maintenance/06232": 2,
    "https://www.splashtop.co.jp/news/maintenance/250627": 2,
    "https://www.splashtop.co.jp/news/media": 2,
    "https://www.splashtop.co.jp/news/media/250716": 2,
    "https://www.splashtop.co.jp/news/media/251106-2": 2,
    "https://www.splashtop.co.jp/news/media/251127": 2,
    "https://www.splashtop.co.jp/news/page/2": 2,
    "https://www.splashtop.co.jp/news/page/3": 2,
    "https://www.splashtop.co.jp/news/page/4": 2,
    "https://www.splashtop.co.jp/news/page/5": 2,
    "https://www.splashtop.co.jp/news/release": 2,
    "https://www.splashtop.co.jp/news/release/200820-3": 2,
    "https://www.splashtop.co.jp/news/release/250820": 2,
    "https://www.splashtop.co.jp/news/release/250820_2": 2,
    "https://www.splashtop.co.jp/news/information/20240909": 2,
    "https://www.splashtop.co.jp/news/information/20241101": 2,
    "https://www.splashtop.co.jp/news/information/20241216": 2,
    "https://www.splashtop.co.jp/news/information/20250304": 2,
    "https://www.splashtop.co.jp/news/information/20250331-2": 2,
    "https://www.splashtop.co.jp/news/information/20250331": 2,
    "https://www.splashtop.co.jp/news/information/20250417": 2,
    "https://www.splashtop.co.jp/news/information/20250507": 2,
    "https://www.splashtop.co.jp/news/information/interop2025": 2,
    "https://www.splashtop.co.jp/news/information/page/2": 2,
    "https://www.splashtop.co.jp/news/information/page/3": 2,
    "https://www.splashtop.co.jp/news/information/page/4": 2,
    "https://www.splashtop.co.jp/news/information/page/5": 2,
    "https://www.splashtop.co.jp/achievements/%e4%ba%ba%e6%9d%90/251212": 2,
    "mailto://info@myedpo.com": 2,
    "mailto://privacy@splashtop.com": 2,
    "mailto://support@splashtop.com": 2,
    "https://www.splashtop.co.jp/add-ons/endpoints-management": 2,
    "https://www.splashtop.co.jp/products-service/remote_access": 1,
    "https://www.splashtop.co.jp/products-service/remote_support": 1,
    "https://www.splashtop.co.jp/add-ons/augmented-reality": 2,
    "https://www.splashtop.co.jp/products-service/creative.html": 2,
    "https://www.splashtop.co.jp/products-service/enterprise_maintenance.html": 2,
    "https://www.splashtop.co.jp/products-service/enterprise_support.html": 2,
    "https://www.splashtop.co.jp/products-service/wacombridge": 1,
    "mailto://jp-kksales@splashtop.com": 2,
    "mailto://kkcontact@splashtop.com": 2,
    "tel://0120066645": 2,
    "https://www.splashtop.co.jp/videos": 1,
    "https://www.splashtop.co.jp/wakayamaworkcation2-campaign": 1,
    "https://www.splashtop.co.jp/wakayamaworkcation-campaign": 2,
    "https://www.splashtop.co.jp/knowhow/tag/ゼロトラスト": 2,
    "https://www.splashtop.co.jp/knowhow/tag/通信速度": 2,
    "https://www.splashtop.co.jp/products-service/nutanix.html": 2,
    "https://www.splashtop.co.jp/knowhow/tag/VDI": 2,
    "https://www.splashtop.co.jp/knowhow/tag/VPN": 2,
    "https://www.splashtop.co.jp/knowhow/tag/リモートデスクトップ": 2,
    "https://www.splashtop.co.jp/knowhow/tag/セキュリティ": 2
}